{
    "$schema": "https://schema.management.azure.com/schemas/2015-01-01/deploymentParameters.json#",
    "contentVersion": "1.0.0.0",
    "parameters": {
        "workflows_MoviesAPI_name": {
            "value": null
        },
        "sites_videofunctionapp_name": {
            "value": null
        },
        "serverfarms_CentralUSPlan_name": {
            "value": null
        },
        "service_sanjayvideoapi_name": {
            "value": null
        },
        "components_videofunctionapp_name": {
            "value": null
        },
        "config_web_name": {
            "value": null
        },
        "storageAccounts_videofunctionapa712_name": {
            "value": null
        },
        "users_1_name": {
            "value": null
        },
        "apis_echo_api_name": {
            "value": null
        },
        "groups_guests_name": {
            "value": null
        },
        "apis_imdb_test_name": {
            "value": null
        },
        "policies_policy_name": {
            "value": null
        },
        "apis_youtubetest_name": {
            "value": null
        },
        "products_starter_name": {
            "value": null
        },
        "groups_developers_name": {
            "value": null
        },
        "notifications_BCC_name": {
            "value": null
        },
        "products_unlimited_name": {
            "value": null
        },
        "alertrules_Failure_Anomalies___videofunctionapp_name": {
            "value": null
        },
        "subscriptions_master_name": {
            "value": null
        },
        "groups_administrators_name": {
            "value": null
        },
        "users_1_name_1": {
            "value": null
        },
        "users_1_name_2": {
            "value": null
        },
        "apis_echo_api_name_1": {
            "value": null
        },
        "groups_guests_name_1": {
            "value": null
        },
        "templates_AccountClosedDeveloper_name": {
            "value": null
        },
        "policies_policy_name_1": {
            "value": null
        },
        "apis_echo_api_name_2": {
            "value": null
        },
        "groups_guests_name_2": {
            "value": null
        },
        "apis_imdb_test_name_1": {
            "value": null
        },
        "groups_developers_name_1": {
            "value": null
        },
        "apis_youtubetest_name_1": {
            "value": null
        },
        "notifications_AccountClosedPublisher_name": {
            "value": null
        },
        "templates_EmailChangeIdentityDefault_name": {
            "value": null
        },
        "operations_searchimdb_name": {
            "value": null
        },
        "groups_developers_name_2": {
            "value": null
        },
        "templates_NewIssueNotificationMessage_name": {
            "value": null
        },
        "subscriptions_5c4aeed871d77a0092070001_name": {
            "value": null
        },
        "subscriptions_5c4aeed971d77a0092070002_name": {
            "value": null
        },
        "templates_ConfirmSignUpIdentityDefault_name": {
            "value": null
        },
        "templates_PasswordResetIdentityDefault_name": {
            "value": null
        },
        "groups_administrators_name_1": {
            "value": null
        },
        "templates_InviteUserNotificationMessage_name": {
            "value": null
        },
        "templates_NewCommentNotificationMessage_name": {
            "value": null
        },
        "operations_create_resource_name": {
            "value": null
        },
        "operations_modify_resource_name": {
            "value": null
        },
        "operations_remove_resource_name": {
            "value": null
        },
        "operations_search_movie_name": {
            "value": null
        },
        "groups_administrators_name_2": {
            "value": null
        },
        "templates_NewDeveloperNotificationMessage_name": {
            "value": null
        },
        "hostNameBindings_videofunctionapp.azurewebsites.net_name": {
            "value": null
        },
        "operations_retrieve_resource_name": {
            "value": null
        },
        "templates_RejectDeveloperNotificationMessage_name": {
            "value": null
        },
        "templates_RequestDeveloperNotificationMessage_name": {
            "value": null
        },
        "operations_retrieve_header_only_name": {
            "value": null
        },
        "templates_PurchaseDeveloperNotificationMessage_name": {
            "value": null
        },
        "notifications_NewApplicationNotificationMessage_name": {
            "value": null
        },
        "templates_ApplicationApprovedNotificationMessage_name": {
            "value": null
        },
        "notifications_RequestPublisherNotificationMessage_name": {
            "value": null
        },
        "templates_PasswordResetByAdminNotificationMessage_name": {
            "value": null
        },
        "operations_retrieve_resource_cached_name": {
            "value": null
        },
        "notifications_PurchasePublisherNotificationMessage_name": {
            "value": null
        },
        "notifications_NewIssuePublisherNotificationMessage_name": {
            "value": null
        },
        "policies_policy_name_2": {
            "value": null
        },
        "policies_policy_name_3": {
            "value": null
        },
        "policies_policy_name_4": {
            "value": null
        },
        "templates_QuotaLimitApproachingDeveloperNotificationMessage_name": {
            "value": null
        },
        "policies_policy_name_5": {
            "value": null
        },
        "notifications_QuotaLimitApproachingPublisherNotificationMessage_name": {
            "value": null
        },
        "policies_policy_name_6": {
            "value": null
        }
    }
}